one_family,one_family,bungalow,one_family,mansion,mansion,one_family,bungalow,one_family,bungalow,one_family,one_family,bungalow,one_family,bungalow,one_family,one_family,one_family,mansion,one_family,
one_family,one_family,bungalow,one_family,mansion,mansion,one_family,bungalow,one_family,bungalow,one_family,one_family,bungalow,one_family,bungalow,one_family,one_family,one_family,one_family,mansion,
one_family,one_family,bungalow,one_family,mansion,mansion,one_family,bungalow,one_family,bungalow,one_family,one_family,bungalow,bungalow,one_family,one_family,one_family,one_family,mansion,one_family,
one_family,one_family,bungalow,one_family,mansion,mansion,bungalow,one_family,bungalow,one_family,one_family,bungalow,bungalow,one_family,one_family,one_family,one_family,mansion,one_family,one_family,
one_family,one_family,bungalow,one_family,mansion,mansion,bungalow,bungalow,one_family,one_family,bungalow,bungalow,one_family,one_family,one_family,one_family,mansion,one_family,one_family,one_family,
one_family,one_family,bungalow,one_family,mansion,mansion,bungalow,bungalow,one_family,one_family,bungalow,bungalow,one_family,one_family,one_family,mansion,one_family,one_family,one_family,one_family,
one_family,one_family,bungalow,one_family,mansion,mansion,bungalow,bungalow,one_family,one_family,bungalow,bungalow,one_family,one_family,mansion,one_family,one_family,one_family,one_family,one_family,
one_family,one_family,bungalow,one_family,mansion,mansion,bungalow,bungalow,one_family,one_family,bungalow,bungalow,one_family,one_family,mansion,one_family,one_family,one_family,one_family,one_family,
one_family,one_family,bungalow,one_family,mansion,mansion,bungalow,one_family,one_family,bungalow,bungalow,one_family,one_family,mansion,one_family,one_family,one_family,one_family,one_family,bungalow,
one_family,one_family,bungalow,one_family,mansion,mansion,bungalow,one_family,bungalow,bungalow,one_family,one_family,mansion,one_family,one_family,one_family,one_family,one_family,bungalow,one_family,
