bungalow,one_family,bungalow,one_family,bungalow,one_family,one_family,one_family,mansion,one_family,bungalow,one_family,one_family,one_family,bungalow,one_family,one_family,one_family,mansion,mansion,
bungalow,one_family,bungalow,one_family,bungalow,one_family,one_family,one_family,mansion,one_family,bungalow,one_family,one_family,one_family,bungalow,one_family,one_family,one_family,mansion,mansion,
bungalow,one_family,bungalow,one_family,bungalow,one_family,one_family,one_family,mansion,one_family,bungalow,one_family,one_family,one_family,bungalow,one_family,one_family,mansion,mansion,one_family,
bungalow,one_family,bungalow,one_family,bungalow,one_family,one_family,one_family,mansion,one_family,bungalow,one_family,one_family,one_family,one_family,one_family,mansion,mansion,one_family,bungalow,
bungalow,one_family,bungalow,one_family,bungalow,one_family,one_family,one_family,mansion,one_family,bungalow,one_family,one_family,one_family,one_family,mansion,mansion,one_family,bungalow,one_family,
bungalow,one_family,bungalow,bungalow,one_family,one_family,one_family,mansion,one_family,bungalow,one_family,one_family,one_family,one_family,mansion,mansion,one_family,bungalow,one_family,one_family,
bungalow,one_family,bungalow,bungalow,one_family,one_family,one_family,mansion,one_family,bungalow,one_family,one_family,one_family,mansion,mansion,one_family,bungalow,one_family,one_family,one_family,
bungalow,one_family,bungalow,bungalow,one_family,one_family,one_family,mansion,one_family,bungalow,one_family,one_family,one_family,mansion,mansion,one_family,bungalow,one_family,one_family,one_family,
bungalow,one_family,bungalow,bungalow,one_family,one_family,mansion,one_family,bungalow,one_family,one_family,one_family,mansion,mansion,one_family,bungalow,one_family,one_family,one_family,one_family,
bungalow,one_family,bungalow,bungalow,one_family,one_family,mansion,one_family,one_family,one_family,one_family,mansion,mansion,one_family,bungalow,one_family,one_family,one_family,one_family,bungalow,
bungalow,one_family,bungalow,bungalow,one_family,one_family,mansion,one_family,one_family,one_family,one_family,mansion,mansion,one_family,bungalow,one_family,one_family,one_family,bungalow,one_family,
bungalow,one_family,bungalow,bungalow,one_family,one_family,mansion,one_family,one_family,one_family,one_family,mansion,mansion,one_family,bungalow,one_family,one_family,bungalow,one_family,one_family,
bungalow,one_family,bungalow,bungalow,one_family,one_family,mansion,one_family,one_family,one_family,one_family,mansion,mansion,one_family,bungalow,one_family,bungalow,one_family,one_family,one_family,
bungalow,one_family,bungalow,bungalow,one_family,one_family,mansion,one_family,one_family,one_family,one_family,mansion,mansion,bungalow,one_family,bungalow,one_family,one_family,one_family,one_family,
bungalow,bungalow,bungalow,one_family,one_family,mansion,one_family,one_family,one_family,one_family,mansion,mansion,bungalow,one_family,bungalow,one_family,one_family,one_family,one_family,one_family,
bungalow,bungalow,bungalow,one_family,one_family,mansion,one_family,one_family,one_family,mansion,mansion,bungalow,one_family,bungalow,one_family,one_family,one_family,one_family,one_family,one_family,
bungalow,bungalow,bungalow,one_family,one_family,mansion,one_family,one_family,one_family,mansion,mansion,one_family,bungalow,one_family,one_family,one_family,one_family,one_family,one_family,bungalow,
bungalow,bungalow,one_family,one_family,mansion,one_family,one_family,one_family,mansion,mansion,one_family,bungalow,one_family,one_family,one_family,one_family,one_family,one_family,bungalow,bungalow,
bungalow,bungalow,one_family,one_family,mansion,one_family,one_family,one_family,mansion,mansion,one_family,bungalow,one_family,one_family,one_family,one_family,one_family,bungalow,bungalow,one_family,
bungalow,bungalow,one_family,one_family,mansion,one_family,one_family,one_family,mansion,one_family,bungalow,one_family,one_family,one_family,one_family,one_family,bungalow,bungalow,one_family,mansion,
bungalow,bungalow,one_family,one_family,one_family,one_family,one_family,mansion,one_family,bungalow,one_family,one_family,one_family,one_family,one_family,bungalow,bungalow,one_family,mansion,mansion,
bungalow,bungalow,one_family,one_family,one_family,one_family,one_family,mansion,one_family,bungalow,one_family,one_family,one_family,one_family,one_family,bungalow,one_family,mansion,mansion,bungalow,
bungalow,one_family,one_family,one_family,one_family,one_family,mansion,one_family,bungalow,one_family,one_family,one_family,one_family,one_family,bungalow,one_family,mansion,mansion,bungalow,bungalow,
bungalow,one_family,one_family,one_family,one_family,one_family,mansion,one_family,one_family,one_family,one_family,one_family,one_family,bungalow,one_family,mansion,mansion,bungalow,bungalow,bungalow,
bungalow,one_family,one_family,one_family,one_family,mansion,one_family,one_family,one_family,one_family,one_family,one_family,bungalow,one_family,mansion,mansion,bungalow,bungalow,bungalow,one_family,
bungalow,one_family,one_family,one_family,one_family,mansion,one_family,one_family,one_family,one_family,one_family,one_family,one_family,mansion,mansion,bungalow,bungalow,bungalow,one_family,bungalow,
bungalow,one_family,one_family,one_family,one_family,one_family,one_family,one_family,one_family,one_family,one_family,one_family,mansion,mansion,bungalow,bungalow,bungalow,one_family,bungalow,mansion,
bungalow,one_family,one_family,one_family,one_family,one_family,one_family,one_family,one_family,one_family,one_family,mansion,mansion,bungalow,bungalow,bungalow,one_family,bungalow,mansion,one_family,
bungalow,one_family,one_family,one_family,one_family,one_family,one_family,one_family,one_family,one_family,one_family,mansion,bungalow,bungalow,bungalow,one_family,bungalow,mansion,one_family,mansion,
bungalow,one_family,one_family,one_family,one_family,one_family,one_family,one_family,one_family,one_family,mansion,bungalow,bungalow,bungalow,one_family,bungalow,mansion,one_family,mansion,one_family,
bungalow,one_family,one_family,one_family,one_family,one_family,one_family,one_family,one_family,mansion,bungalow,bungalow,bungalow,one_family,bungalow,mansion,one_family,mansion,one_family,one_family,
bungalow,one_family,one_family,one_family,one_family,one_family,one_family,one_family,one_family,mansion,bungalow,bungalow,bungalow,one_family,bungalow,one_family,mansion,one_family,one_family,mansion,
bungalow,one_family,one_family,one_family,one_family,one_family,one_family,one_family,one_family,mansion,bungalow,bungalow,bungalow,one_family,one_family,mansion,one_family,one_family,mansion,bungalow,
bungalow,one_family,one_family,one_family,one_family,one_family,one_family,one_family,mansion,bungalow,bungalow,bungalow,one_family,one_family,mansion,one_family,one_family,mansion,bungalow,one_family,
bungalow,one_family,one_family,one_family,one_family,one_family,one_family,one_family,mansion,bungalow,bungalow,bungalow,one_family,one_family,mansion,one_family,mansion,bungalow,one_family,one_family,
bungalow,one_family,one_family,one_family,one_family,one_family,one_family,mansion,bungalow,bungalow,bungalow,one_family,one_family,mansion,one_family,mansion,bungalow,one_family,one_family,one_family,
bungalow,one_family,one_family,one_family,one_family,one_family,one_family,mansion,bungalow,bungalow,bungalow,one_family,one_family,mansion,mansion,bungalow,one_family,one_family,one_family,one_family,
bungalow,one_family,one_family,one_family,one_family,one_family,one_family,mansion,bungalow,bungalow,bungalow,one_family,one_family,mansion,bungalow,one_family,one_family,one_family,one_family,mansion,
bungalow,one_family,one_family,one_family,one_family,one_family,one_family,bungalow,bungalow,bungalow,one_family,one_family,mansion,bungalow,one_family,one_family,one_family,one_family,mansion,mansion,
bungalow,one_family,one_family,one_family,one_family,one_family,bungalow,bungalow,bungalow,one_family,one_family,mansion,bungalow,one_family,one_family,one_family,one_family,mansion,mansion,one_family,
bungalow,one_family,one_family,one_family,one_family,one_family,bungalow,bungalow,bungalow,one_family,one_family,mansion,bungalow,one_family,one_family,one_family,mansion,mansion,one_family,one_family,
bungalow,one_family,one_family,one_family,one_family,one_family,bungalow,bungalow,bungalow,one_family,one_family,mansion,bungalow,one_family,one_family,one_family,mansion,one_family,one_family,mansion,
bungalow,one_family,one_family,one_family,one_family,bungalow,bungalow,bungalow,one_family,one_family,mansion,bungalow,one_family,one_family,one_family,mansion,one_family,one_family,mansion,one_family,
bungalow,one_family,one_family,one_family,one_family,bungalow,bungalow,one_family,one_family,mansion,bungalow,one_family,one_family,one_family,mansion,one_family,one_family,mansion,one_family,bungalow,
bungalow,one_family,one_family,one_family,one_family,bungalow,bungalow,one_family,one_family,mansion,bungalow,one_family,one_family,mansion,one_family,one_family,mansion,one_family,bungalow,one_family,
bungalow,one_family,one_family,one_family,one_family,bungalow,bungalow,one_family,one_family,mansion,bungalow,one_family,one_family,one_family,one_family,mansion,one_family,bungalow,one_family,mansion,
bungalow,one_family,one_family,one_family,one_family,bungalow,bungalow,one_family,one_family,mansion,bungalow,one_family,one_family,one_family,one_family,mansion,one_family,one_family,mansion,bungalow,
bungalow,one_family,one_family,one_family,one_family,bungalow,one_family,one_family,mansion,bungalow,one_family,one_family,one_family,one_family,mansion,one_family,one_family,mansion,bungalow,bungalow,
bungalow,one_family,one_family,one_family,one_family,one_family,one_family,mansion,bungalow,one_family,one_family,one_family,one_family,mansion,one_family,one_family,mansion,bungalow,bungalow,bungalow,
bungalow,one_family,one_family,one_family,one_family,one_family,one_family,bungalow,one_family,one_family,one_family,one_family,mansion,one_family,one_family,mansion,bungalow,bungalow,bungalow,mansion,
bungalow,one_family,one_family,one_family,one_family,one_family,one_family,bungalow,one_family,one_family,one_family,mansion,one_family,one_family,mansion,bungalow,bungalow,bungalow,mansion,one_family,
bungalow,one_family,one_family,one_family,one_family,one_family,bungalow,one_family,one_family,one_family,mansion,one_family,one_family,mansion,bungalow,bungalow,bungalow,mansion,one_family,one_family,
bungalow,one_family,one_family,one_family,one_family,bungalow,one_family,one_family,one_family,mansion,one_family,one_family,mansion,bungalow,bungalow,bungalow,mansion,one_family,one_family,one_family,
bungalow,one_family,one_family,one_family,one_family,bungalow,one_family,one_family,one_family,mansion,one_family,mansion,bungalow,bungalow,bungalow,mansion,one_family,one_family,one_family,one_family,
bungalow,one_family,one_family,one_family,one_family,bungalow,one_family,one_family,one_family,mansion,one_family,mansion,bungalow,bungalow,mansion,one_family,one_family,one_family,one_family,bungalow,
bungalow,one_family,one_family,one_family,one_family,bungalow,one_family,one_family,mansion,one_family,mansion,bungalow,bungalow,mansion,one_family,one_family,one_family,one_family,bungalow,one_family,
bungalow,one_family,one_family,one_family,bungalow,one_family,one_family,mansion,one_family,mansion,bungalow,bungalow,mansion,one_family,one_family,one_family,one_family,bungalow,one_family,one_family,
bungalow,one_family,one_family,one_family,bungalow,one_family,one_family,mansion,one_family,mansion,bungalow,mansion,one_family,one_family,one_family,one_family,bungalow,one_family,one_family,bungalow,
bungalow,one_family,one_family,one_family,bungalow,one_family,one_family,mansion,mansion,bungalow,mansion,one_family,one_family,one_family,one_family,bungalow,one_family,one_family,bungalow,one_family,
bungalow,one_family,one_family,one_family,bungalow,one_family,one_family,mansion,bungalow,mansion,one_family,one_family,one_family,one_family,bungalow,one_family,one_family,bungalow,one_family,mansion,
bungalow,one_family,one_family,one_family,bungalow,one_family,one_family,mansion,mansion,one_family,one_family,one_family,one_family,bungalow,one_family,one_family,bungalow,one_family,mansion,bungalow,
bungalow,one_family,one_family,bungalow,one_family,one_family,mansion,mansion,one_family,one_family,one_family,one_family,bungalow,one_family,one_family,bungalow,one_family,mansion,bungalow,one_family,
bungalow,one_family,bungalow,one_family,one_family,mansion,mansion,one_family,one_family,one_family,one_family,bungalow,one_family,one_family,bungalow,one_family,mansion,bungalow,one_family,one_family,
bungalow,one_family,bungalow,one_family,mansion,mansion,one_family,one_family,one_family,one_family,bungalow,one_family,one_family,bungalow,one_family,mansion,bungalow,one_family,one_family,one_family,
bungalow,one_family,bungalow,one_family,mansion,mansion,one_family,one_family,one_family,one_family,bungalow,one_family,one_family,bungalow,one_family,mansion,bungalow,one_family,one_family,one_family,
bungalow,one_family,bungalow,mansion,mansion,one_family,one_family,one_family,one_family,bungalow,one_family,one_family,bungalow,one_family,mansion,bungalow,one_family,one_family,one_family,one_family,
bungalow,one_family,bungalow,mansion,one_family,one_family,one_family,one_family,bungalow,one_family,one_family,bungalow,one_family,mansion,bungalow,one_family,one_family,one_family,one_family,mansion,
bungalow,one_family,bungalow,mansion,one_family,one_family,one_family,one_family,bungalow,one_family,one_family,bungalow,one_family,mansion,bungalow,one_family,one_family,one_family,mansion,one_family,
bungalow,one_family,bungalow,mansion,one_family,one_family,one_family,bungalow,one_family,one_family,bungalow,one_family,mansion,bungalow,one_family,one_family,one_family,mansion,one_family,one_family,
bungalow,one_family,bungalow,mansion,one_family,one_family,bungalow,one_family,one_family,bungalow,one_family,mansion,bungalow,one_family,one_family,one_family,mansion,one_family,one_family,one_family,
bungalow,one_family,bungalow,mansion,one_family,one_family,bungalow,one_family,one_family,bungalow,one_family,bungalow,one_family,one_family,one_family,mansion,one_family,one_family,one_family,mansion,
bungalow,one_family,bungalow,mansion,one_family,one_family,bungalow,one_family,one_family,bungalow,one_family,bungalow,one_family,one_family,mansion,one_family,one_family,one_family,mansion,one_family,
bungalow,one_family,bungalow,mansion,one_family,one_family,bungalow,one_family,one_family,bungalow,one_family,bungalow,one_family,one_family,one_family,one_family,one_family,mansion,one_family,mansion,
bungalow,one_family,mansion,one_family,one_family,bungalow,one_family,one_family,bungalow,one_family,bungalow,one_family,one_family,one_family,one_family,one_family,mansion,one_family,mansion,bungalow,
bungalow,one_family,one_family,one_family,bungalow,one_family,one_family,bungalow,one_family,bungalow,one_family,one_family,one_family,one_family,one_family,mansion,one_family,mansion,bungalow,mansion,
bungalow,one_family,one_family,one_family,bungalow,one_family,one_family,bungalow,one_family,bungalow,one_family,one_family,one_family,one_family,one_family,one_family,mansion,bungalow,mansion,mansion,
bungalow,one_family,one_family,one_family,bungalow,one_family,one_family,bungalow,one_family,bungalow,one_family,one_family,one_family,one_family,one_family,mansion,bungalow,mansion,mansion,one_family,
bungalow,one_family,one_family,bungalow,one_family,one_family,bungalow,one_family,bungalow,one_family,one_family,one_family,one_family,one_family,mansion,bungalow,mansion,mansion,one_family,one_family,
bungalow,one_family,one_family,bungalow,one_family,one_family,bungalow,one_family,bungalow,one_family,one_family,one_family,one_family,one_family,mansion,mansion,mansion,one_family,one_family,bungalow,
bungalow,one_family,one_family,bungalow,one_family,one_family,bungalow,one_family,one_family,one_family,one_family,one_family,one_family,mansion,mansion,mansion,one_family,one_family,bungalow,bungalow,
bungalow,one_family,one_family,bungalow,one_family,one_family,bungalow,one_family,one_family,one_family,one_family,one_family,mansion,mansion,mansion,one_family,one_family,bungalow,bungalow,one_family,
bungalow,one_family,bungalow,one_family,one_family,bungalow,one_family,one_family,one_family,one_family,one_family,mansion,mansion,mansion,one_family,one_family,bungalow,bungalow,one_family,one_family,
bungalow,one_family,bungalow,one_family,one_family,bungalow,one_family,one_family,one_family,one_family,one_family,mansion,mansion,mansion,one_family,one_family,bungalow,one_family,one_family,bungalow,
bungalow,one_family,bungalow,one_family,bungalow,one_family,one_family,one_family,one_family,one_family,mansion,mansion,mansion,one_family,one_family,bungalow,one_family,one_family,bungalow,one_family,
bungalow,one_family,bungalow,one_family,bungalow,one_family,one_family,one_family,one_family,mansion,mansion,mansion,one_family,one_family,bungalow,one_family,one_family,bungalow,one_family,one_family,
bungalow,one_family,bungalow,one_family,bungalow,one_family,one_family,one_family,one_family,mansion,mansion,mansion,one_family,one_family,bungalow,one_family,one_family,one_family,one_family,bungalow,
bungalow,one_family,bungalow,one_family,bungalow,one_family,one_family,one_family,one_family,mansion,mansion,mansion,one_family,bungalow,one_family,one_family,one_family,one_family,bungalow,one_family,
bungalow,one_family,bungalow,one_family,bungalow,one_family,one_family,one_family,one_family,mansion,mansion,mansion,one_family,bungalow,one_family,one_family,one_family,bungalow,one_family,one_family,
bungalow,one_family,bungalow,one_family,bungalow,one_family,one_family,one_family,one_family,mansion,mansion,mansion,one_family,bungalow,one_family,one_family,one_family,one_family,one_family,bungalow,
bungalow,one_family,bungalow,one_family,one_family,one_family,one_family,one_family,mansion,mansion,mansion,one_family,bungalow,one_family,one_family,one_family,one_family,one_family,bungalow,bungalow,
bungalow,one_family,bungalow,one_family,one_family,one_family,one_family,one_family,mansion,mansion,mansion,one_family,bungalow,one_family,one_family,one_family,one_family,bungalow,bungalow,one_family,
bungalow,one_family,bungalow,one_family,one_family,one_family,one_family,one_family,mansion,mansion,mansion,one_family,bungalow,one_family,one_family,one_family,one_family,bungalow,one_family,bungalow,
bungalow,one_family,bungalow,one_family,one_family,one_family,one_family,one_family,mansion,mansion,mansion,one_family,bungalow,one_family,one_family,one_family,bungalow,one_family,bungalow,one_family,
bungalow,one_family,bungalow,one_family,one_family,one_family,one_family,one_family,mansion,mansion,one_family,bungalow,one_family,one_family,one_family,bungalow,one_family,bungalow,one_family,mansion,
bungalow,one_family,bungalow,one_family,one_family,one_family,one_family,one_family,mansion,mansion,one_family,bungalow,one_family,one_family,one_family,one_family,bungalow,one_family,mansion,bungalow,
bungalow,one_family,bungalow,one_family,one_family,one_family,one_family,one_family,mansion,mansion,one_family,bungalow,one_family,one_family,one_family,bungalow,one_family,mansion,bungalow,one_family,
bungalow,one_family,bungalow,one_family,one_family,one_family,one_family,mansion,mansion,one_family,bungalow,one_family,one_family,one_family,bungalow,one_family,mansion,bungalow,one_family,one_family,
bungalow,one_family,bungalow,one_family,one_family,one_family,mansion,mansion,one_family,bungalow,one_family,one_family,one_family,bungalow,one_family,mansion,bungalow,one_family,one_family,one_family,
bungalow,one_family,bungalow,one_family,one_family,one_family,mansion,mansion,one_family,bungalow,one_family,one_family,one_family,one_family,mansion,bungalow,one_family,one_family,one_family,bungalow,
bungalow,one_family,one_family,one_family,one_family,mansion,mansion,one_family,bungalow,one_family,one_family,one_family,one_family,mansion,bungalow,one_family,one_family,one_family,bungalow,bungalow,
bungalow,one_family,one_family,one_family,one_family,mansion,mansion,one_family,bungalow,one_family,one_family,one_family,mansion,bungalow,one_family,one_family,one_family,bungalow,bungalow,one_family,
